Tempo,Erro Little
10.00, 0.00000000016150312337
20.00, 0.00000000256036233881
30.00, 0.00000001469654009600
40.00, 0.00000000323412696623
50.00, 0.00000002900344424350
60.00, 0.00000001064265092721
70.00, 0.00000007559786344147
80.00, 0.00000001418355580207
90.00, 0.00000002973638527082
100.00, 0.00000004744522244526
