Tempo,Erro Little
10.00, 0.00000000066827965384
20.00, 0.00000000351980133928
30.00, 0.00000000695865765010
40.00, 0.00000003593015662773
50.00, 0.00000006114487405284
60.00, 0.00000006891286830069
70.00, 0.00000000826662471809
80.00, 0.00000015435193745361
90.00, 0.00000020746165318997
100.00, 0.00000001134822014137
