Tempo,Erro Little
10.00, 0.00000000010020108701
20.00, 0.00000000210028883174
30.00, 0.00000000670094628397
40.00, 0.00000002171959261055
50.00, 0.00000002806540073952
60.00, 0.00000004620377200282
70.00, 0.00000009780822649019
80.00, 0.00000042131847730054
90.00, 0.00000065969563720070
100.00, 0.00000048536780378194
