Cenario,Ocupação Simulada,E[N],E[W],Fila Máxima
1, 0.56418538500337311881, 0.97106517818234217021, 0.00000258831314536629, 13
