Cenario,Ocupação Simulada,E[N],E[W],Fila Máxima
3, 0.89949551376617331577, 4.92597621445488442760, 0.00004737397034576389, 75
