Cenario,Ocupação Simulada,E[N],E[W],Fila Máxima
4, 0.98954542979448767426, 66930.54623750173777807504, 0.10177072355820353244, 3486776
