Cenario,Ocupação Simulada,E[N],E[W],Fila Máxima
1, 0.59979983491774002680, 1.04919240187749052140, 0.00001175590807413436, 23
