Cenario,Ocupação Simulada,E[N],E[W],Fila Máxima
2, 0.79933690831909065544, 2.39002922685100438471, -0.00000453217157552915, 53
